ID,Ethnic.Group,Age.in.Year,Height.cm,Malaria.Infection,Temperature,Anaemia,Low.Hemoglobin,rs334,rs1801033,rs1799964,rs6874639,rs3024500
101005,Wachaga,38,170,0,36,No,No,AA,AC,TT,AG,AA
101015,Wachaga,37,159,0,35.59999847,No,No,AA,CC,TT,AA,AG
101039,Wachaga,27,162,0,36.40000153,No,No,AA,AA,TT,AA,AG
101059,Wachaga,43,176,0,36,No,No,AA,CC,CT,AA,AG
101062,Wachaga,41,169,0,36.59999847,No,No,AA,AC,TT,AA,AG
101086,Wachaga,38,183,0,36.20000076,No,No,AA,AC,TT,AA,AG
101088,Wachaga,37,174,0,36.20000076,No,No,AA,CC,TT,AA,AG
101103,Wachaga,38,169,0,35.79999924,No,No,AA,AC,CT,AG,GG
101114,Wachaga,18,172,0,36.79999924,Yes,Yes,AA,AC,CT,AG,AA
101120,Wachaga,37,176,0,36.29999924,No,No,AA,AC,TT,AA,AG
101131,Wachaga,32,179,0,36.40000153,No,No,AA,AA,TT,AG,AA
101132,Wachaga,30,167,0,36.70000076,No,No,AA,AC,CT,AG,AG
101133,Wachaga,42,168,0,36.29999924,No,No,AA,AC,TT,AA,GG
101138,Wachaga,39,172,0,36.59999847,No,No,AA,NA,TT,AG,AG
101166,Wachaga,30,169,0,36.59999847,No,No,AA,AC,CT,AG,AG
101181,Wachaga,29,167,0,36.40000153,No,No,AA,AC,CT,AA,AG
101183,Wachaga,28,168,0,35.79999924,No,Yes,AA,AC,CT,AA,AG
101187,Wachaga,32,155,0,35.90000153,No,No,AA,AC,TT,AA,AG
101188,Wachaga,22,178,0,36.59999847,No,No,AA,AC,TT,AA,GG
101189,Wachaga,24,175,0,36.40000153,No,No,AA,NA,CT,AA,GG
101194,Wachaga,37,166,0,36.5,No,No,AA,AC,TT,AA,AG
101205,Wachaga,35,160,0,36.29999924,No,No,AA,AA,CT,AA,AG
101226,Wachaga,37,174,0,36.59999847,No,No,AA,AC,CT,AA,AG
101237,Wachaga,30,160,0,36.70000076,No,No,AA,AC,TT,AA,AG
101238,Wachaga,31,181,0,36.09999847,No,No,AA,AC,TT,AG,GG
101247,Wachaga,42,156,0,36,No,No,AA,AA,CT,AA,GG
102001,Wachaga,37,176,0,36.29999924,No,No,AA,AA,TT,AA,AG
102036,Wachaga,42,169,0,35.59999847,No,No,AA,CC,TT,AG,AG
102046,Wachaga,39,175,0,36.5,No,No,AA,AC,CT,AG,AG
102058,Wachaga,43,163,0,36.29999924,No,No,AA,AA,TT,AA,AA
102114,Wachaga,38,176,0,37,No,No,AA,AC,TT,AA,AA
102154,Wachaga,21,162,0,37.20000076,No,Yes,AA,AA,TT,AA,GG
102169,Wachaga,35,171,0,36.70000076,No,No,AA,CC,TT,AA,AA
102172,Wachaga,37,169,0,36.5,No,No,AA,CC,CT,GG,AG
102176,Wachaga,35,173,0,36.59999847,No,No,AA,AC,TT,AA,AG
102195,Wachaga,23,170,0,36.20000076,No,No,AA,AA,TT,AG,AG
102210,Wachaga,39,164,0,36.5,No,No,AA,AC,CC,AA,GG
102211,Wachaga,32,152,0,35.70000076,No,No,AA,NA,TT,AA,AG
102219,Wachaga,37,166,0,36.09999847,No,No,AA,AC,TT,AA,AG
102226,Wachaga,33,168,0,36.29999924,No,No,AA,AC,CC,AA,AA
103010,Wachaga,38,172,0,36,No,No,AA,AA,CT,AG,GG
103020,Wachaga,20,163,0,36.20000076,No,Yes,AA,CC,TT,AA,AG
103050,Wachaga,34,154,0,36.70000076,No,No,AA,AC,CT,AA,AG
103054,Wachaga,38,178,0,35.5,No,No,AA,AC,TT,AG,GG
103104,Wachaga,23,171,0,36.79999924,No,No,AA,AC,CT,GG,AA
103108,Wachaga,29,177,0,36.5,No,No,AA,NA,TT,AA,AG
103121,Wachaga,20,164,0,36.79999924,No,No,AA,NA,TT,GG,GG
103152,Wachaga,38,169,0,36.09999847,No,No,AA,AC,TT,AG,GG
103183,Wachaga,40,159,0,36.09999847,No,No,AA,AA,CT,AA,AG
103185,Wachaga,21,174,0,37,No,No,AA,AA,TT,AG,AG
103187,Wachaga,31,167,0,35.79999924,No,No,AA,AA,TT,AA,AA
103191,Wachaga,37,169,0,36.79999924,No,No,AA,AC,TT,AG,AG
103192,Wachaga,35,157,0,36.09999847,No,No,AA,AA,CT,AA,AG
103195,Wachaga,31,179,0,35.70000076,No,No,AA,CC,TT,AA,AG
103213,Wachaga,43,166,0,36,No,No,AA,CC,CT,AA,AG
103220,Wachaga,23,169,0,36.70000076,No,No,AA,AC,CT,AA,AA
104002,Wapare,38,176,0,35.70000076,No,No,AA,AC,TT,AG,GG
104015,Wapare,24,170,0,36.5,No,No,AA,CC,CC,AA,AG
104016,Wapare,35,166,0,36.09999847,No,No,AA,AC,TT,AA,AA
104052,Other,31,169,0,36.40000153,No,No,AA,AC,CT,AA,AA
104093,Wapare,23,160,0,36.20000076,NA,NA,AA,AA,TT,AA,AA
104147,Wapare,23,171,0,36.90000153,No,No,AA,CC,CT,AA,AG
104175,Wapare,31,171,0,37.29999924,No,No,AA,CC,CT,AG,AG
104188,Wapare,39,167,0,36.70000076,No,No,AA,AC,TT,AA,AA
104196,Wapare,35,174,0,36.90000153,No,No,AA,AC,CT,AA,AA
104201,Wapare,41,167,0,36.20000076,No,No,AA,AC,TT,AG,AG
104206,Wapare,35,168,0,36.70000076,No,No,AA,AA,CT,AG,AG
104221,Wapare,27,169,0,37.5,No,No,AA,AC,TT,AA,AG
105001,Wapare,34,168,0,36.09999847,No,No,AA,CC,CT,AA,AG
105002,Wapare,30,164,0,36.59999847,No,No,AA,AC,CT,AA,AG
105003,Wapare,28,154,0,35.79999924,No,No,AA,CC,TT,AG,AG
105004,Wapare,28,164,0,36.59999847,No,No,AA,CC,TT,AG,AG
105016,Wapare,36,171,1,35.29999924,No,No,AA,AC,CT,AA,GG
105020,Wapare,44,169,0,39.09999847,No,No,AA,AC,CT,AA,AA
105024,Wapare,36,165,0,36.40000153,No,No,AA,AA,CC,AA,AG
105031,Wapare,22,154,1,37.29999924,No,Yes,AA,AA,TT,AA,AA
105093,Wapare,18,172,1,36.79999924,No,No,AA,AC,TT,AA,AG
105148,Wapare,42,166,0,36.5,No,No,AA,CC,TT,AA,AA
105153,Wapare,21,170,0,36.5,No,No,AA,CC,CT,AA,AG
105154,Wachaga,35,165,0,36.90000153,No,No,AA,CC,CT,AA,AA
105155,Wapare,31,160,0,36.09999847,No,No,AA,AC,TT,AG,AG
105165,Wapare,33,160,0,35.70000076,No,No,AA,AC,TT,AA,AA
105169,Wapare,41,180,0,36.40000153,No,No,AA,CC,NA,AA,AA
105174,Wapare,33,168,0,35.5,No,No,AA,AC,CT,GG,AG
105216,Wapare,27,170,0,36.09999847,No,No,AT,AC,CT,AG,AA
106001,Wapare,34,171,0,36.5,No,No,AA,CC,CT,AG,AA
106041,Wapare,40,157,1,36.40000153,No,No,AA,AC,CT,AA,AA
106055,Wapare,34,174,0,36,No,No,AA,AC,TT,AA,AG
106137,Wapare,19,176,0,36,No,No,AA,AC,TT,AA,AG
106145,Wapare,37,169,0,36.5,No,No,AA,AA,TT,AA,AG
107015,Wapare,26,172,0,36.40000153,No,No,AA,CC,CT,AA,AG
107066,Wapare,31,168,0,36,No,No,AA,AC,CC,AA,AA
107164,Wapare,20,166,0,36.5,No,No,AA,AC,CT,AA,AG
107171,Wapare,24,162,0,37,No,No,AA,AC,TT,AG,AG
107175,Wapare,31,163,0,36,No,No,AA,CC,TT,AG,AG
107212,Wapare,26,179,0,36.70000076,No,No,AA,AC,CT,AG,AA
107225,Wapare,34,170,0,37,No,No,AA,AC,CC,AA,GG
108001,Wapare,40,163,0,35.5,No,No,AA,AC,TT,GG,AG
108002,Wapare,36,167,0,36.09999847,No,No,AA,AC,TT,AG,AG
108007,Other,35,177,0,36.20000076,No,No,AA,AC,TT,AA,AG
108008,Wapare,23,161,0,36.29999924,No,No,AA,CC,CT,AG,AG
108009,Wapare,26,171,0,35.59999847,No,No,AA,CC,TT,AA,GG
108011,Wapare,20,167,0,36.59999847,No,No,AA,AC,CT,AG,AG
108012,Wapare,23,173,0,36.29999924,No,No,AA,CC,TT,AA,AG
108013,Wapare,33,160,0,36.09999847,No,No,AA,AC,CT,AA,GG
108048,Wachaga,44,166,0,35.90000153,No,No,AA,AC,CT,AA,AA
108058,Other,44,175,0,36,No,No,AA,AA,TT,GG,AG
108059,Wapare,26,173,0,35.59999847,No,No,AA,CC,TT,AA,AG
108065,Wachaga,31,165,0,36.70000076,No,No,AA,AC,TT,AA,GG
108070,Wapare,36,168,0,36.20000076,No,No,AA,AA,TT,AA,AG
108076,Wapare,44,179,0,35.79999924,No,No,AA,AC,CT,AA,AA
108083,Wapare,40,170,0,36.79999924,No,No,AA,AC,CT,AA,AA
108084,Wapare,25,171,0,35.70000076,No,No,AA,CC,CT,AA,AG
108087,Other,40,162,0,36.70000076,No,No,AA,AC,TT,AA,AG
108092,Wapare,34,160,0,36.40000153,No,No,AA,AC,CT,AA,AG
108109,Wapare,20,165,0,36.40000153,No,No,AA,AA,CT,AA,AG
108140,Wapare,33,173,0,36.59999847,No,No,AA,CC,TT,AA,AA
108163,Wapare,28,170,0,36.59999847,No,No,AA,AA,TT,AG,AA
108165,Wapare,20,166,0,36.40000153,No,No,AA,AC,CT,AG,AA
108185,Other,28,166,0,37,No,No,AA,CC,TT,AA,GG
108186,Other,44,160,0,36.20000076,No,No,AT,AC,CC,AA,AA
108192,Wapare,21,162,0,35.20000076,No,No,AA,AC,TT,AA,GG
108193,Wapare,36,161,0,36.5,No,No,AA,CC,TT,AA,AG
108197,Wapare,42,167,0,36.70000076,No,No,AA,AA,TT,AA,AG
108199,Wapare,21,164,0,37.20000076,No,No,AA,AC,TT,AA,AG
108200,Wapare,23,157,0,36.20000076,No,No,AA,AC,TT,AA,AA
108202,Wachaga,32,169,0,36.20000076,No,No,AA,AA,TT,AG,AG
108203,Wachaga,25,173,0,36.29999924,No,No,AA,AC,CT,AA,AG
109004,Wapare,25,178,0,36.70000076,No,Yes,AA,AA,TT,AG,AG
109029,Wapare,18,150,0,35.70000076,No,No,AA,AC,CT,AA,GG
109035,Wachaga,28,155,0,36.20000076,No,No,AA,AA,CT,AA,AG
109036,Wapare,38,169,0,36,No,No,NA,AA,NA,AA,NA
109037,Wapare,32,149,0,35.29999924,No,No,AA,AA,TT,AA,AG
109038,Wapare,30,161,0,34.90000153,No,No,AA,AC,CT,AA,AG
109053,Wapare,44,151,0,36.09999847,No,No,AA,AA,TT,AG,GG
109056,Wapare,41,170,0,36.5,No,No,AA,AC,CT,AG,AG
109074,Wapare,44,160,0,NA,No,No,AA,AA,CT,GG,AG
109091,Wapare,29,150,0,37.20000076,No,Yes,AA,AC,TT,AA,AG
109100,Wapare,44,160,0,36.5,No,No,AA,AA,TT,AG,AG
109102,Wapare,36,164,0,36,No,No,AA,AA,TT,AG,AG
109104,Wapare,39,154,0,36,No,No,AA,AC,TT,GG,AA
109113,Wapare,28,167,0,35.70000076,No,No,AA,AC,TT,AG,GG
109118,Wapare,19,177,0,36.29999924,No,No,AA,AC,TT,AA,AG
109122,Wapare,18,163,0,36.5,No,No,AA,AA,TT,AA,AG
109124,Wapare,29,158,0,36.20000076,No,No,AA,AA,TT,AA,AA
109125,Wapare,42,157,0,35.90000153,No,No,AA,AC,TT,GG,AG
109126,Wapare,27,153,0,35.09999847,No,No,AA,AC,TT,AG,AG
109148,Wapare,32,171,0,36.70000076,No,No,AA,AA,TT,AA,GG
109149,Wapare,41,171,0,36.09999847,No,No,AA,AC,TT,AA,AG
109156,Wapare,36,154,0,36.40000153,No,No,AA,AC,CT,AG,AA
109168,Wapare,31,155,0,35.70000076,No,No,AA,AA,TT,AA,AA
109170,Wapare,29,152,0,36.90000153,No,No,AA,AA,TT,AG,AA
109177,Wapare,38,153,0,36.40000153,No,No,AA,AA,TT,AA,AG
109178,Wapare,43,162,0,35.90000153,No,No,AA,AC,TT,AA,AG
109179,Wapare,19,168,0,36.20000076,No,No,AA,AC,CT,AA,AG
109185,Wapare,26,168,0,36.59999847,No,No,AA,AC,CT,AA,AG
109186,Wapare,42,160,0,36.40000153,No,No,AA,NA,TT,AA,AG
109188,Wapare,36,161,0,36,No,No,AA,CC,CT,AA,GG
109193,Wapare,34,162,0,36.09999847,No,No,AA,AC,TT,AA,AG
109195,Wapare,37,167,0,35.79999924,No,No,AA,AA,TT,AA,AG
109209,Wapare,43,162,0,35.79999924,No,No,AA,AA,CT,AA,AG
109210,Wapare,36,163,0,35.79999924,No,No,AA,AC,TT,AG,AA
110041,Wapare,41,163,0,36.29999924,No,No,AA,AC,TT,AA,AG
110042,Wapare,18,159,0,36.79999924,No,No,AA,AC,CC,AG,GG
110051,Wapare,43,173,0,36.5,No,No,AA,AC,TT,AA,AG
110069,Wapare,18,185,0,35.5,No,No,AA,AC,TT,AA,GG
110081,Wapare,34,160,0,35.79999924,No,No,AA,CC,CT,AA,AG
110130,Wapare,18,166,0,36.59999847,No,No,AA,AC,TT,AA,GG
110131,Wapare,40,160,0,36.20000076,No,No,AA,CC,TT,AA,AG
110132,Wachaga,31,166,0,36.59999847,No,No,AA,AC,TT,AG,AG
110135,Wapare,41,176,1,36,No,No,AA,CC,TT,AA,AA
110139,Wapare,23,166,0,36.90000153,No,No,AA,AC,TT,AG,AA
110141,Wapare,35,163,0,36.59999847,Yes,Yes,AA,AC,CT,AG,AG
110143,Wapare,41,157,0,36.09999847,No,No,AA,AA,CT,AA,AG
110145,Wapare,44,168,0,36.5,No,No,AA,AC,CC,AA,AA
110147,Wapare,39,158,0,36.59999847,No,No,AA,AC,CT,AG,GG
110164,Wapare,22,162,0,36.59999847,No,No,AA,AC,TT,AG,GG
110165,Wapare,44,167,1,36.5,No,No,AA,AA,CT,AG,AA
110166,Wapare,36,164,0,36.40000153,No,No,AA,CC,TT,AA,AA
110187,Wapare,29,164,0,36.29999924,No,No,AA,AA,TT,AA,AG
110205,Wapare,29,156,0,35.70000076,No,No,AA,AA,TT,AA,AA
110209,Wapare,24,159,0,36.5,No,No,AA,AC,CT,AG,AG
110214,Wapare,27,156,0,36.5,No,No,AA,AA,CT,AA,AA
110216,Wapare,36,155,0,36.5,No,Yes,AA,AA,TT,AA,AG
110249,Wapare,22,165,0,35.70000076,No,No,AA,AC,TT,AG,AA
111014,Wapare,22,166,0,36.5,No,No,AA,AA,CT,AA,AA
111025,Wapare,21,160,0,36.59999847,No,No,AA,AA,TT,GG,AA
111045,Wapare,36,170,0,36.40000153,No,Yes,AA,AA,TT,AG,GG
111127,Wapare,18,166,0,36.79999924,No,No,AA,AC,CT,AA,AG
111130,Wapare,25,157,0,36.79999924,No,No,AA,AA,TT,AG,GG
111132,Wapare,26,168,0,37.20000076,No,No,AA,AC,TT,AA,GG
111136,Wapare,19,163,0,36.5,No,No,AA,AC,CT,AG,GG
111138,Wapare,26,150,0,37,Yes,Yes,AA,AC,CT,AG,AA
111147,Wapare,21,170,0,36.5,No,No,AA,AC,CT,GG,AG
111169,Wapare,24,179,0,36.09999847,No,No,AA,AA,TT,AA,AA
111176,Wapare,19,160,0,36.20000076,No,No,AA,AC,TT,AG,AG
111195,Wapare,34,153,0,36.29999924,No,No,AA,AC,TT,AG,AG
111196,Wapare,27,158,0,35.70000076,No,No,AT,AC,CT,GG,AG
111220,Wapare,43,181,1,36.09999847,No,No,AA,CC,CT,AA,GG
111225,Wapare,21,158,0,36.59999847,No,No,AA,AA,CT,AA,AG
111233,Wapare,35,158,0,36.79999924,No,No,AA,AC,CC,GG,AG
112001,Wapare,38,162,0,37.20000076,No,No,AA,NA,TT,AG,AG
112068,Wapare,35,167,0,36.40000153,No,No,AT,AA,CT,AA,AG
112074,Wasambaa,31,153,0,36.70000076,No,No,AA,AC,TT,AG,GG
112075,Wasambaa,44,162,0,36.59999847,No,No,AA,AC,TT,GG,AA
112083,Wapare,21,158,0,37.09999847,No,No,AA,CC,TT,AA,GG
112084,Wapare,28,162,0,36.90000153,No,No,AA,AC,CT,AA,GG
112091,Wapare,37,169,0,36.90000153,No,No,AA,AA,TT,AG,GG
112111,Other,29,157,0,35.79999924,No,No,NA,AA,TT,AG,AG
112150,Wapare,25,157,0,37.09999847,No,No,AA,AA,CC,AA,AG
112161,Wapare,30,165,0,36.20000076,No,No,AA,AC,TT,AG,AG
112162,Wapare,29,166,0,36.09999847,No,No,AA,CC,TT,GG,GG
112165,Wapare,24,183,0,36.20000076,No,No,AA,AA,TT,AG,GG
112172,Wapare,41,161,0,NA,No,No,AA,AC,TT,AA,AG
112176,Wapare,22,149,1,36.79999924,No,No,AA,AC,CT,AA,AG
112177,Wapare,37,163,1,36.40000153,No,No,AA,NA,TT,AG,NA
112178,Wapare,31,169,0,36.20000076,No,No,NA,AA,NA,AA,NA
112181,Wasambaa,35,166,1,36.29999924,NA,NA,AA,AC,CC,AA,AG
112182,Wasambaa,24,163,0,36.5,No,No,AA,AC,TT,AA,AA
112187,Wasambaa,32,174,0,37,No,No,AA,CC,TT,AA,AG
112191,Wapare,42,154,0,36.20000076,No,No,AA,AC,CC,AA,AG
112212,Wapare,32,170,0,36.09999847,No,No,AA,CC,CT,AA,AG
112215,Wapare,19,154,0,36.40000153,No,No,AA,AC,TT,GG,AA
112248,Wapare,37,157,0,37,No,No,AA,AC,CC,AA,AG
112249,Wapare,24,149,0,36.5,No,No,AA,AA,CC,AA,AG
113041,Wasambaa,35,159,0,36.20000076,No,No,AA,CC,TT,AA,AG
113053,Other,41,170,0,36.20000076,No,No,AA,AC,CT,AA,AA
113054,Wasambaa,40,187,0,37,No,No,AA,AC,TT,AG,AG
113055,Wasambaa,22,185,0,35.29999924,No,No,AA,CC,TT,AA,AG
113059,Wasambaa,22,184,0,36.40000153,No,No,AA,CC,TT,AA,AG
113118,Other,38,155,0,37.29999924,No,No,AA,AC,CT,AA,GG
113119,Wasambaa,40,160,0,36.5,No,No,AA,AC,TT,AG,AA
113120,Wasambaa,18,170,0,36,No,No,AA,CC,CT,AA,AG
113121,Other,21,168,0,36.5,No,No,AA,CC,CT,AA,AA
113124,Wasambaa,21,188,0,36.5,No,No,AA,AC,TT,AG,GG
113131,Wasambaa,21,173,0,35.79999924,No,No,AA,AA,CT,AG,AA
113170,Wapare,26,155,0,35.90000153,No,No,AA,AC,CT,AG,AG
113172,Wapare,29,169,1,36.40000153,No,No,AA,AA,TT,AA,AG
113173,Wasambaa,40,171,0,36.5,No,No,AA,AA,CT,AA,AG
113193,Other,42,159,0,37,No,No,AA,AA,TT,AG,GG
113199,Other,29,176,0,37,No,No,AA,AC,CT,AA,AA
113200,Wasambaa,42,173,0,36,No,No,AA,AC,TT,AA,GG
114001,Wasambaa,36,163,1,36.20000076,No,No,AA,AA,TT,AA,GG
114075,Wasambaa,42,178,0,35.79999924,No,No,AA,AC,TT,AG,AG
114091,Wasambaa,39,147,0,37,No,No,AA,AA,TT,AA,GG
114101,Wasambaa,18,148,1,36.20000076,No,No,AA,AC,CT,AG,GG
114104,Wasambaa,20,150,1,36.40000153,No,No,AA,AC,CT,AA,AG
114125,Wasambaa,33,169,0,36,No,No,AA,AC,CC,NA,AG
114157,Wasambaa,18,169,0,36.59999847,No,No,AA,AC,TT,AG,GG
114160,Wasambaa,36,164,0,37.29999924,No,No,AA,AA,CT,AA,AA
114166,Wasambaa,34,162,0,36.40000153,No,No,AA,AC,CT,AA,AA
114170,Wasambaa,22,160,0,36.79999924,No,No,AA,AA,CT,AA,AG
114192,Wasambaa,25,158,0,35.40000153,No,Yes,AA,CC,CT,AG,AG
114194,Wasambaa,22,170,0,36.29999924,No,No,AA,CC,CT,AG,AA
114195,Wasambaa,35,157,1,37.70000076,No,Yes,AA,CC,CT,AG,AG
114204,Wasambaa,38,165,0,36,No,No,AA,AC,TT,AA,AG
114207,Wasambaa,26,168,0,36.5,No,No,AA,AA,TT,AA,GG
114210,Wasambaa,41,165,0,36.20000076,No,No,AA,AC,TT,AG,AG
114215,Wasambaa,35,154,0,36.40000153,No,No,AA,AC,TT,AA,GG
115001,Wasambaa,41,174,0,35.70000076,No,No,AA,NA,TT,AA,AG
115002,Wasambaa,30,164,0,36.20000076,No,No,AA,AC,CT,AG,GG
115003,Other,30,176,0,36.5,No,No,AA,AC,TT,AA,AG
115004,Wasambaa,42,171,0,36.5,No,No,AA,AC,TT,AA,GG
115005,Wasambaa,32,165,0,36.20000076,No,No,AA,CC,TT,AA,GG
115006,Wasambaa,32,162,0,36.09999847,No,No,AA,AA,TT,AA,AG
115007,Wasambaa,30,169,0,36.59999847,No,No,AA,AC,CC,AA,GG
115009,Wasambaa,22,173,0,37.5,No,No,AA,CC,CT,AA,GG
115010,Wasambaa,23,163,0,36.29999924,No,No,AA,AA,TT,GG,AG
115011,Wasambaa,35,163,1,36.29999924,No,No,AA,CC,CT,AA,GG
115012,Wasambaa,32,164,0,37.5,No,No,AA,AC,TT,AA,AG
115014,Wasambaa,21,172,0,36.09999847,No,No,AA,AA,TT,AA,AA
115028,Wasambaa,25,160,0,36.79999924,No,No,AA,AA,TT,AG,GG
115087,Wasambaa,27,177,0,35.90000153,No,No,AA,CC,TT,AG,GG
115088,Wasambaa,28,175,1,37.5,No,No,AA,AC,TT,AG,AG
115098,Wasambaa,22,171,0,37.29999924,No,No,AA,NA,CT,AG,GG
115101,Wasambaa,22,165,0,35.40000153,No,No,AA,AC,TT,AA,AG
115102,Wasambaa,25,165,0,36.90000153,No,Yes,AA,AA,TT,AA,GG
115103,Wasambaa,26,159,0,36.09999847,No,No,AA,CC,TT,AA,AA
115116,Wasambaa,18,156,0,36.90000153,No,No,AA,AA,TT,AG,AG
115120,Other,29,171,0,36.20000076,No,No,AA,AA,TT,AG,GG
115134,Wasambaa,30,154,0,37.09999847,No,No,AA,AA,TT,AA,AG
115142,Wasambaa,20,162,0,36.70000076,Yes,Yes,AA,AC,TT,AA,AG
115143,Wasambaa,19,166,0,36.5,No,No,AA,AC,TT,AG,AG
115145,Wasambaa,38,167,0,35.40000153,No,No,AA,AC,TT,AA,GG
115148,Wasambaa,37,172,0,35.70000076,No,No,AA,AC,TT,AA,AA
115154,Wasambaa,37,158,0,36.79999924,No,No,AA,AA,CT,AA,AG
116002,Wasambaa,42,157,0,37.29999924,No,No,AA,AA,TT,AA,AA
116022,Wasambaa,42,161,0,35.70000076,No,No,AA,AC,CT,AA,AA
116036,Wasambaa,37,157,1,36.09999847,Yes,Yes,AA,AC,TT,GG,AG
116074,Wasambaa,21,177,0,37.59999847,No,No,AA,NA,CT,AA,AA
116186,Wasambaa,29,174,0,35.79999924,No,No,AA,AA,TT,GG,AA
116188,Wasambaa,31,167,0,36.29999924,No,No,AA,AC,TT,AG,AG
116228,Wasambaa,19,137,0,36.09999847,No,No,AA,CC,CT,GG,AA
117113,Wasambaa,28,164,0,35.90000153,No,No,AA,CC,NA,AA,AG
117119,Wapare,38,157,0,36.20000076,No,No,AA,AA,CT,AA,AG
117138,Wapare,34,180,0,35.79999924,No,No,AA,AC,TT,AA,AG
117147,Wasambaa,19,166,0,36.59999847,No,No,AA,AA,TT,AG,AG
117187,Wasambaa,21,165,0,37.20000076,No,No,AA,AC,TT,AA,AG
117188,Wasambaa,25,163,0,36.09999847,No,No,AA,AC,CT,AG,GG
118020,Wasambaa,37,168,0,36,No,Yes,AA,AA,CT,AA,AG
118128,Wasambaa,19,165,0,36.40000153,No,No,AA,AC,TT,AA,AA
118156,Wasambaa,43,166,0,35,No,No,AA,CC,CT,AA,AG
118157,Wasambaa,44,176,0,35,No,No,AA,CC,TT,AA,AG
118158,Wasambaa,43,164,0,36.20000076,No,No,AA,AC,TT,AA,AG
118161,Wasambaa,30,167,0,35.90000153,No,No,AA,AC,TT,AA,GG
118162,Wasambaa,32,157,0,36.29999924,No,No,AA,AA,CT,AG,AG
118168,Wasambaa,37,173,0,36,No,No,AA,AC,TT,AG,AA
119010,Wasambaa,35,175,0,36.09999847,No,No,AA,AC,TT,AA,GG
119023,Wasambaa,32,180,0,35.70000076,No,No,AA,AC,CT,GG,AA
119025,Wasambaa,31,174,0,36.70000076,No,Yes,AA,AC,TT,AG,GG
119028,Wasambaa,26,159,0,36.90000153,No,No,AA,AC,TT,AA,GG
119030,Wasambaa,28,163,0,36.5,No,No,AA,AC,TT,GG,GG
119037,Wasambaa,40,153,0,36.59999847,No,No,AA,AC,CT,AG,AG
119045,Wasambaa,39,164,0,36,No,No,AA,AA,TT,AG,AG
119046,Wasambaa,20,172,1,36,No,No,AA,AC,TT,AA,GG
119047,Other,28,163,1,36.20000076,No,Yes,AA,AC,TT,AG,GG
119048,Wasambaa,37,162,0,35.79999924,No,No,AA,AC,CC,GG,GG
119049,Wasambaa,24,163,0,36.59999847,No,No,AA,AA,TT,AG,AG
119052,Other,21,164,0,36.29999924,No,No,AA,AA,CT,AG,GG
119053,Wasambaa,21,147,1,36.29999924,No,No,AA,AC,TT,AA,AG
119065,Wasambaa,18,166,0,36.20000076,No,No,AA,AA,TT,AG,AA
119077,Wasambaa,33,170,1,36.5,No,No,AA,AA,CT,AG,AG
119083,Wasambaa,27,162,0,36.79999924,No,No,AA,AC,CT,AG,AG
119084,Wasambaa,27,174,0,36.90000153,No,No,AA,AA,CT,GG,AA
119090,Wasambaa,44,171,0,36,No,No,AA,AC,TT,AA,GG
119092,Wasambaa,37,168,0,36.59999847,No,No,AA,AC,TT,AA,GG
119093,Wapare,43,171,0,36.20000076,No,No,AA,AA,TT,AA,AG
119094,Wasambaa,29,161,0,36.20000076,No,No,AA,CC,CT,GG,AG
119108,Wasambaa,30,159,1,36.29999924,No,No,AA,AA,CT,GG,GG
119110,Other,42,174,0,36.40000153,No,No,AA,AC,TT,AA,GG
119122,Wasambaa,20,154,1,36.70000076,Yes,Yes,AA,AA,TT,AA,AG
119139,Wasambaa,34,158,0,35.70000076,No,No,AA,AC,TT,AA,AG
119140,Wasambaa,24,175,NA,36,No,Yes,AA,AA,TT,AG,AG
119141,Wasambaa,20,170,0,36.20000076,No,No,AA,CC,TT,AG,AG
119145,Other,35,160,0,36.59999847,No,Yes,AA,AC,CT,AG,GG
119164,Wasambaa,42,169,1,36,No,No,AA,AC,CT,AA,AG
119171,Wasambaa,43,168,0,36.09999847,No,No,AA,AC,TT,AG,AG
119194,Wasambaa,37,163,0,36.59999847,No,No,AA,AC,TT,AA,AA
120001,Wasambaa,29,172,1,36.90000153,Yes,Yes,AA,AC,CC,AG,AA
120018,Wasambaa,33,164,0,36.40000153,No,No,AA,CC,NA,AG,AG
120041,Wasambaa,39,170,0,36.90000153,Yes,Yes,AA,AC,TT,GG,GG
120063,Wapare,38,172,0,36.70000076,No,No,AA,CC,CT,AA,GG
120096,Wasambaa,25,171,NA,37.59999847,No,No,AA,CC,NA,AG,GG
120123,Wasambaa,29,166,0,36.59999847,No,Yes,AA,AA,TT,AG,GG
120128,Wasambaa,44,165,0,35.79999924,No,No,AT,AC,CT,AG,AG
120130,Wasambaa,35,174,0,36.70000076,No,No,AA,CC,CT,GG,AG
120173,Wasambaa,44,160,0,37,No,No,AA,AC,CT,AA,AG
120179,Wapare,38,170,0,37.20000076,No,No,AA,CC,TT,GG,GG
120204,Wasambaa,37,159,0,36.5,No,No,AA,AC,TT,AA,AG
120208,Wasambaa,20,169,0,36.5,No,No,AT,AC,CT,AG,AA
120213,Wasambaa,19,174,1,37.20000076,No,No,AA,CC,TT,AA,GG
121001,Wasambaa,19,153,0,36.59999847,No,No,AA,AC,TT,AA,AA
121016,Wapare,26,153,0,36.09999847,No,No,AA,AA,TT,AG,AG
121038,Wasambaa,42,158,0,36.29999924,No,No,AA,AA,TT,AG,AG
121039,Wasambaa,37,164,0,36,No,No,AA,AA,TT,AA,GG
121054,Wapare,19,174,0,36.79999924,No,No,AA,CC,TT,AG,AG
121055,Wasambaa,19,156,0,36.40000153,No,Yes,AA,CC,TT,AA,AG
121072,Wasambaa,19,166,0,36.59999847,No,Yes,AA,CC,TT,AA,AA
121086,Wasambaa,19,163,0,36.59999847,No,No,AA,AC,CC,AA,AA
121089,Wasambaa,21,153,1,36.79999924,No,No,AA,AC,TT,AG,AG
121093,Wasambaa,20,154,0,36.59999847,No,No,AA,AA,CT,AG,GG
121095,Wasambaa,18,167,0,36.70000076,No,No,AA,AA,CT,AG,AG
121103,Wasambaa,19,160,0,36.59999847,No,No,AA,AA,TT,AA,AG
121108,NA,36,160,0,36.20000076,No,No,AA,AA,TT,AG,GG
121110,Wasambaa,20,174,0,37.70000076,No,No,AA,CC,NA,AA,AG
121111,Wasambaa,28,168,0,36.29999924,No,No,AA,AC,CT,AA,AG
121112,Wasambaa,20,168,0,36.59999847,No,No,AA,AC,TT,AA,AG
121114,Wasambaa,30,162,0,36.70000076,No,No,AA,AA,TT,AG,AA
121123,Wasambaa,29,175,0,36,No,No,AA,CC,TT,AA,AA
121139,Wasambaa,19,156,0,36,No,No,AA,AA,TT,AA,AG
121141,Wasambaa,18,152,0,36.29999924,No,No,AA,AC,CC,AA,AG
121153,Wapare,26,157,0,36,No,No,AA,AC,CT,AG,AA
121154,Wasambaa,19,172,0,37.20000076,No,No,AA,AC,CT,AA,AA
121155,Other,19,173,0,36,No,No,AA,CC,CC,AA,AG
121158,Wasambaa,44,167,0,36,No,No,AA,AA,TT,AA,AG
121173,Wasambaa,33,162,0,36.5,No,No,AA,AA,TT,AA,AG
121175,Wasambaa,38,167,0,36.29999924,No,No,AA,AC,TT,AA,AG
121196,Other,36,176,1,36.59999847,No,No,AA,AA,TT,AA,AG
121220,Wasambaa,34,163,0,36.40000153,No,No,AA,AA,CT,AA,AG
121239,Wasambaa,26,169,0,36.20000076,No,No,AA,CC,TT,AG,GG
121240,Other,33,166,0,36.79999924,No,No,AA,CC,TT,AG,AG
121242,Wasambaa,32,167,0,37.09999847,No,No,AA,AA,TT,AG,AG
121243,Wasambaa,28,162,0,36.79999924,No,No,AA,AC,TT,AG,GG
121244,Other,29,168,0,36.79999924,No,No,AA,AC,TT,AG,GG
121250,Other,33,172,0,36.40000153,No,No,AA,AC,TT,AA,AA
122009,Wasambaa,21,160,0,37.59999847,No,No,AA,AA,TT,AG,GG
122025,Wasambaa,35,160,0,36.09999847,No,No,AA,AA,CT,AA,GG
122032,Wasambaa,38,170,0,36.29999924,No,No,AA,AC,TT,AA,AG
122036,Wasambaa,30,152,0,36.70000076,No,No,AA,AC,TT,AG,AA
122041,Wasambaa,38,171,0,36.29999924,No,No,AA,AA,TT,AA,AA
122042,Wasambaa,23,165,0,36.59999847,No,No,AA,AA,TT,AA,AA
122059,Wasambaa,40,173,1,36.5,No,No,AA,AC,CT,AA,AG
122069,Wasambaa,42,165,0,36.29999924,No,No,AA,CC,CT,AA,GG
122125,Wasambaa,30,169,1,36.90000153,No,No,AA,AA,TT,AA,AG
122132,Wasambaa,33,175,0,36.40000153,No,No,AA,CC,TT,AA,GG
122227,Wasambaa,40,166,0,36.40000153,No,No,AA,AC,TT,AG,AA
122229,Wasambaa,34,173,0,36.70000076,No,No,AA,AA,TT,AG,GG
122230,NA,32,178,0,36,No,No,AA,NA,NA,NA,NA
123025,Wasambaa,42,161,NA,36.5,No,No,AA,AC,TT,AA,AG
123035,Other,35,160,0,36.79999924,No,No,AA,CC,TT,AA,AA
123060,Wasambaa,23,171,0,36,No,No,AA,AA,CT,AA,AA
123078,Wasambaa,25,154,0,36.59999847,No,No,AA,AC,TT,NA,AG
123106,Wasambaa,19,154,0,37.29999924,No,Yes,AA,AA,CT,AA,GG
123107,Wasambaa,32,168,0,36,No,No,AT,AC,CT,AA,AG
123116,Wasambaa,44,173,0,36.29999924,No,Yes,AA,AC,CT,AA,AG
123125,Wasambaa,35,161,0,36.40000153,No,No,AA,AA,CT,AA,AA
123147,Wasambaa,44,164,0,36.70000076,No,No,AA,AC,TT,AA,AA
123148,Wasambaa,27,153,0,36.70000076,No,No,AA,NA,TT,AG,AG
123149,Wasambaa,38,164,1,37.09999847,No,No,AA,AA,TT,AG,GG
123161,Wasambaa,39,162,0,35.70000076,No,No,AA,AA,TT,AA,AA
123164,Wasambaa,29,162,0,36,No,No,AA,AC,TT,AA,AG
123166,Wasambaa,26,157,0,36.09999847,No,Yes,AA,AC,TT,AA,GG
123197,Wasambaa,18,164,1,36.90000153,No,No,AA,AA,TT,AA,AG
123200,Wasambaa,21,148,0,36.70000076,No,No,AA,AC,TT,AA,GG
123226,Wasambaa,18,154,0,36.79999924,No,No,AA,CC,CT,AG,AG
124001,Wasambaa,32,168,1,36.29999924,No,No,AA,CC,CT,AA,GG
124004,Other,36,175,0,36.40000153,No,No,AA,AC,CT,AG,AG
124005,Other,37,157,1,36.79999924,No,No,AA,CC,TT,AG,AA
124016,Other,34,174,1,36.40000153,No,No,AA,CC,CT,AG,AA
124017,Other,41,164,1,36,No,No,AA,AA,TT,AG,AG
124019,Wapare,39,168,0,36.40000153,Yes,Yes,AA,AA,CT,AA,GG
124031,Wapare,29,164,0,36.90000153,No,No,AA,AC,TT,AA,AG
124032,Other,27,167,0,36.70000076,No,No,AT,CC,TT,AA,GG
124047,Other,35,166,1,36.40000153,No,No,AA,AC,CT,AA,AG
124048,Other,43,162,0,36.90000153,No,Yes,AA,CC,CC,AG,AG
124049,Other,32,184,1,37.09999847,No,No,AA,CC,CT,AA,AG
124051,Other,42,162,0,36.59999847,No,No,AA,AC,CT,AA,AG
124055,Other,31,160,0,36.70000076,No,No,AA,AA,TT,AA,AG
124056,Other,25,159,0,36.09999847,No,No,AA,AC,TT,AA,AG
124057,Other,38,159,0,36.59999847,No,No,AA,AC,CT,AG,AA
124058,Other,25,167,0,36.70000076,No,No,AT,AC,CT,AG,AA
124059,Wapare,23,177,1,36.5,No,No,AA,AA,CT,AG,AA
124060,Other,35,162,0,36.59999847,No,No,AA,AA,CT,AG,AG
124061,Other,29,160,0,36.59999847,No,No,AA,AA,TT,AA,AA
124063,Wapare,27,166,0,36.59999847,No,Yes,AA,AC,TT,AA,AG
124065,Other,40,163,0,36.5,No,No,AA,AA,CT,AA,AG
124100,Other,23,163,0,36.09999847,No,No,AA,AC,TT,AA,AA
124105,Wachaga,31,167,0,36.29999924,No,No,AA,AA,TT,AA,GG
124107,Wasambaa,42,163,1,36.09999847,No,No,NA,AC,CT,AA,AG
124124,Other,24,157,1,36.79999924,No,No,AA,AC,NA,AA,NA
124137,Other,35,160,0,36.79999924,No,No,AA,CC,TT,AG,AA
124138,Other,41,169,0,36.79999924,No,No,AA,CC,TT,GG,AA
124191,Other,42,154,0,37.09999847,No,No,AA,AC,TT,AA,AG
124194,Other,19,173,0,37.29999924,No,No,AA,AA,TT,AA,AA
124196,Other,25,163,0,37.29999924,No,No,AA,AC,TT,NA,GG
124197,Other,42,152,0,37,No,No,AA,AC,TT,AA,AG
124198,Other,33,170,0,37.09999847,No,No,AT,CC,TT,AG,AG
124199,Other,32,152,0,37.20000076,No,No,AA,AA,TT,AA,AG
202023,Wachaga,35,173,0,36.59999847,No,No,AA,AC,TT,AA,AG
202142,Wasambaa,18,166,1,36.70000076,No,No,AA,AA,CT,AG,AA
202152,Wachaga,38,178,1,37.20000076,No,No,AA,AC,TT,AA,AA
202154,Wachaga,38,171,1,35.79999924,No,No,AA,CC,TT,AA,AA
202155,Wachaga,21,174,0,36.29999924,No,No,AA,AC,TT,AA,AG
202196,Wachaga,33,165,0,36.29999924,No,No,AA,AC,CT,AG,AG
202204,Wachaga,25,168,0,36.70000076,No,No,AA,AA,TT,AA,AG
202243,Wachaga,27,162,1,36.79999924,No,No,AA,AC,TT,AA,AG
203071,Wachaga,38,172,1,36.70000076,No,No,AA,AC,TT,GG,AG
203107,Wachaga,24,171,0,36.29999924,No,No,AA,NA,CT,GG,NA
203112,Wachaga,38,175,0,36.70000076,No,No,AA,AA,CC,AG,AG
203115,Wachaga,37,170,0,36,No,No,AA,AC,TT,AG,AG
203164,Wachaga,20,171,0,36.5,No,No,AA,AC,TT,AA,AA
203167,Other,18,164,0,36.59999847,No,No,AA,AC,CT,AA,AG
203169,Wachaga,20,161,0,37.20000076,No,No,AA,AC,TT,AA,AG
203170,Wachaga,44,167,0,36.59999847,No,No,AA,CC,CT,AG,AG
203171,Wachaga,18,162,0,37.20000076,No,No,AA,CC,TT,GG,GG
203173,Wachaga,33,166,0,36.59999847,No,No,AA,AC,CC,AA,AG
203174,Wachaga,39,174,0,35.70000076,No,No,AA,CC,TT,AA,AG
203175,Wachaga,18,173,0,37,No,No,AA,CC,CT,AG,AG
205019,Wapare,37,157,0,35.59999847,No,No,AA,AA,CT,AA,AA
205022,Wapare,20,168,0,35.40000153,No,No,AA,AA,CT,AG,AA
205025,Wapare,18,168,0,36.70000076,No,No,AA,AA,TT,AA,AA
205035,Wapare,40,168,0,36,No,No,AA,AA,TT,GG,GG
205110,Wapare,25,175,0,36.20000076,No,No,AA,CC,TT,AG,GG
205126,NA,18,167,0,36.20000076,No,No,AA,AA,TT,AA,AA
205141,Wapare,30,152,0,35.5,No,No,AA,AA,TT,AA,AG
205160,Other,40,167,0,36.20000076,No,No,AA,AA,TT,AA,AG
205162,Wapare,43,173,0,36.40000153,No,No,AA,CC,CT,AA,AA
205164,Wapare,40,160,0,36.20000076,No,No,AA,AC,CT,AA,AA
205166,Wapare,33,163,0,36.79999924,No,No,AA,AA,CT,AA,AG
205168,Wapare,18,162,0,36.40000153,No,No,AA,AC,TT,AG,AG
205169,Wapare,36,165,0,36.40000153,No,No,AA,AC,TT,AA,GG
205170,Wapare,26,174,0,36.70000076,No,No,AA,CC,TT,AA,AG
205171,Wapare,37,173,0,36,No,No,AA,AC,CT,AA,AA
205172,Wapare,27,160,0,36.20000076,No,No,AA,AA,CT,AG,GG
205174,Wapare,18,173,0,36.79999924,No,No,AA,AC,TT,AA,AG
205177,Wapare,18,164,0,36.70000076,No,No,AA,AC,CT,AA,AG
205179,Wapare,18,165,0,37.09999847,No,No,AA,CC,TT,AA,AA
206013,Wasambaa,18,164,0,38,No,No,AA,AC,CT,AA,AA
206026,Wapare,31,168,0,36.40000153,No,No,AA,AC,TT,AA,AG
206085,Wasambaa,21,162,0,37.09999847,No,No,AA,AA,CT,AA,GG
206098,Wapare,21,164,0,36.70000076,No,No,AA,CC,CT,AA,AA
206102,Other,24,167,0,37.20000076,No,No,AA,AC,TT,GG,AG
206107,Wapare,26,160,0,36.79999924,No,No,AA,AC,TT,AA,GG
206175,Wapare,44,172,0,37.20000076,No,No,AA,AC,TT,AA,GG
206177,Wapare,18,166,0,36.79999924,No,No,AA,AA,TT,AA,AG
206184,Wapare,41,175,0,37.5,No,No,AA,AA,NA,AA,AG
207008,Wapare,42,166,0,36.90000153,No,No,AT,CC,TT,AG,AG
207021,Wapare,29,177,0,37.20000076,No,No,AA,AA,CT,AA,AA
207022,Wapare,32,167,0,37.20000076,No,No,AA,AA,CT,AA,AA
207024,Wapare,34,168,0,36.90000153,No,No,AA,CC,TT,AG,AA
207025,Wapare,40,168,0,37,No,No,AA,AC,CT,AA,AG
207058,Wapare,27,157,0,37.20000076,No,No,AA,CC,CT,AA,AA
207059,Wapare,22,143,0,36.90000153,No,No,NA,NA,TT,AA,AA
207197,Wapare,21,172,0,37,No,No,AA,CC,TT,AA,AG
207198,Wapare,18,160,0,37.09999847,No,No,AA,AA,CT,AA,AG
207220,Wapare,30,163,0,37.09999847,No,No,AA,CC,CT,AA,AG
207226,Wapare,42,166,0,36.5,No,No,AA,CC,TT,AA,AG
207229,Wapare,24,160,0,36,No,No,AA,AC,TT,AG,AG
207232,Wapare,43,179,0,36,No,No,AA,CC,CT,AA,AA
209015,Wapare,43,162,0,36.70000076,No,No,AA,NA,TT,AA,AG
209025,Wapare,30,166,0,36.59999847,No,No,AA,AA,TT,AA,AA
209034,Wapare,36,150,0,36,No,No,AA,AC,TT,NA,NA
209072,Wapare,22,170,0,37.5,No,No,AA,AA,CT,AG,AA
209099,Wapare,35,158,0,36.29999924,No,No,AA,AC,TT,AA,GG
209102,Wapare,21,170,0,37,No,No,AA,AC,TT,AA,GG
209120,Wapare,38,162,0,36.40000153,No,No,AA,AC,TT,AA,AA
209125,Wapare,18,134,0,37,No,No,AA,AA,TT,AA,AA
209140,Wapare,36,164,0,36.59999847,No,No,AA,AA,TT,AG,AG
209209,Wapare,40,176,1,36.70000076,No,No,AA,AC,TT,AA,AG
209211,Wapare,44,160,0,36.79999924,No,No,AA,NA,NA,NA,NA
209234,Wapare,42,170,0,36.59999847,No,No,AA,AA,TT,AG,AA
209250,Wapare,37,159,0,36.09999847,No,No,AA,AC,CT,AA,AA
209251,Wapare,34,165,0,36.40000153,No,No,AA,AA,TT,AA,AA
210053,Wapare,43,157,1,36.40000153,No,No,AA,AA,CT,AA,AG
210092,Wapare,35,164,0,36.79999924,No,No,AA,AC,CT,AG,AG
210105,Wapare,41,174,0,36,No,No,AA,CC,TT,AA,AA
210106,Wapare,29,161,0,36.59999847,No,No,AA,AC,TT,AG,AG
210112,Wapare,21,169,0,36.70000076,No,No,AA,CC,NA,AG,GG
210115,Wapare,35,163,0,36.79999924,No,Yes,AA,AC,CT,AG,AG
210168,Wapare,40,159,0,36.59999847,No,No,AA,CC,CT,AA,AA
210199,Wapare,18,165,0,36.70000076,No,No,AA,AC,CT,AA,AG
210207,Wapare,20,139,0,37,No,No,AA,AA,CT,AA,AG
210218,Wapare,20,172,0,36.09999847,No,No,AA,AA,TT,AA,GG
210223,Wapare,41,167,0,36.20000076,No,No,AA,AC,CT,AA,AG
210228,Wapare,42,160,0,36.29999924,No,No,AA,AC,TT,AG,AG
211011,Wapare,38,154,0,36.59999847,No,No,AA,AC,TT,NA,AG
211017,Wapare,18,160,0,39.59999847,No,No,AA,AA,CT,AG,GG
211018,Wapare,31,170,0,36,No,No,AA,AC,CT,AG,AG
211020,Wapare,23,166,0,36.20000076,No,No,AA,AA,CT,AA,AA
211034,Wapare,23,166,0,36.5,No,No,AA,AA,CT,AA,AG
211041,Wapare,44,169,0,36.79999924,No,No,AA,AC,TT,AA,GG
211042,Wapare,43,152,0,36.70000076,No,No,AA,CC,TT,AA,GG
211052,Wapare,27,164,0,37.20000076,No,No,AA,AA,TT,AA,GG
211053,Wapare,24,166,1,37,No,No,AA,AC,TT,AG,AG
211065,Wapare,36,162,0,37.29999924,No,No,AA,AA,TT,AG,AG
211075,NA,22,155,0,36.09999847,No,No,AA,AA,CT,AA,AG
211091,Wapare,36,165,1,36.40000153,No,No,AA,AC,CT,AA,GG
211162,Wapare,34,163,0,36.29999924,No,No,AA,AA,TT,AG,AA
211177,Wapare,40,173,0,36,No,No,AA,AA,TT,AA,AG
211201,Wapare,38,153,1,36.59999847,No,No,AA,AC,CT,AG,AG
211203,Wapare,41,156,0,36.09999847,No,No,AA,AC,TT,AA,AG
212004,Wapare,32,145,0,36.09999847,No,No,NA,AC,TT,AA,AG
212010,Wapare,29,166,0,36.20000076,No,No,AA,AC,TT,AA,AG
212014,Wapare,32,162,0,36.29999924,No,No,AA,AC,CT,AA,AA
212030,Wapare,25,164,0,36.40000153,No,No,NA,AC,CT,AA,AG
212044,Wapare,44,169,0,36,No,No,AA,AA,CT,AG,AG
212053,Wapare,26,173,0,36.40000153,No,No,AA,AC,CT,AA,GG
212055,Wapare,34,171,0,36.40000153,No,No,AA,AA,TT,AG,AG
212107,Wapare,18,156,0,37.59999847,No,No,AA,AA,CC,AA,AG
212111,Wapare,25,163,0,36.79999924,No,No,AA,AA,TT,AG,NA
212120,Other,43,173,1,36.5,No,No,AA,AC,CT,AG,AA
212143,Wapare,28,157,0,36,No,No,AA,AA,CT,NA,AA
212172,Wapare,30,165,0,37.20000076,No,No,AA,CC,TT,GG,GG
212187,Wapare,38,161,0,36.29999924,No,No,AA,CC,CT,AA,GG
212206,Wasambaa,42,158,0,36.29999924,No,No,AA,AA,TT,AG,AG
212215,Wapare,41,156,1,36,No,No,AA,AA,TT,AA,AA
212221,Wapare,40,174,0,37.70000076,No,No,AA,CC,TT,AA,AG
212233,Wasambaa,36,163,0,36.70000076,No,No,AA,AA,TT,AG,AG
212235,Wapare,43,163,0,36.59999847,No,No,AA,AC,CT,AA,NA
212236,Wapare,40,183,0,36.59999847,No,No,AA,AC,CT,AG,GG
212247,Wapare,44,146,0,37,No,No,AA,AA,CT,AA,AG
212250,Wasambaa,42,150,0,36.90000153,No,No,AA,AC,TT,NA,AG
212251,Other,36,164,0,36.40000153,No,No,AA,AA,TT,NA,AG
214001,Other,40,156,0,37.90000153,No,No,AA,AA,CT,AA,AA
214002,Wapare,29,165,0,37,No,No,AA,AA,TT,AA,AG
214014,Wasambaa,36,166,0,36.79999924,No,Yes,AA,AA,TT,AA,AA
214018,Wasambaa,37,163,0,38.70000076,No,No,AA,CC,TT,AG,AA
214047,Wasambaa,42,148,0,37.09999847,No,No,AA,AC,CC,AG,AG
214068,Wasambaa,18,150,0,36.40000153,No,Yes,AA,AC,TT,AA,GG
214083,Wasambaa,24,163,0,36.79999924,No,No,AA,AC,CT,AG,AG
214098,Wasambaa,42,169,0,36.29999924,No,No,AA,AA,CT,AA,AG
214169,Wasambaa,26,166,1,36.5,No,No,AA,AC,TT,AA,AG
214173,Wasambaa,22,172,0,37.09999847,No,No,AA,AC,TT,AG,GG
214184,Wasambaa,34,166,0,36.70000076,No,No,AA,AC,TT,AG,AG
215003,Wasambaa,32,161,0,36.79999924,No,No,AA,AA,CT,AG,AA
215009,Wasambaa,33,164,0,37,No,No,AA,AC,TT,AG,GG
215038,Wasambaa,35,163,0,36,No,No,AA,AC,CT,AG,GG
215039,Wasambaa,24,160,0,36.20000076,No,No,AA,AC,TT,AA,GG
215198,Wasambaa,22,159,0,36.5,No,No,AA,AA,TT,AA,AA
215203,Wasambaa,18,146,0,36.09999847,No,No,AA,AC,TT,GG,AG
215215,Wasambaa,24,165,0,36.79999924,No,No,AA,AC,TT,AA,AA
215227,Wasambaa,24,171,0,37,No,No,AA,AA,CT,AA,AG
216001,Wasambaa,38,163,0,37.09999847,No,Yes,AA,AC,CT,AA,GG
216002,Wasambaa,34,172,1,36.90000153,No,Yes,AA,CC,CT,AA,AA
216003,Wasambaa,36,167,0,36.59999847,No,No,AA,AC,TT,AA,GG
216010,Wapare,18,148,0,37.09999847,Yes,Yes,AA,NA,TT,AA,AG
216024,Other,18,160,1,37.20000076,No,No,AA,AA,TT,AG,AG
216041,Wasambaa,33,160,0,37.40000153,No,No,AA,AC,TT,AA,AA
216076,Wasambaa,29,160,0,37.40000153,No,No,AA,AC,TT,AA,AG
216085,Wasambaa,18,163,1,37.5,No,No,AA,CC,CT,AA,AA
216109,Wasambaa,18,140,0,37.79999924,Yes,Yes,AA,AA,CC,GG,AG
216188,Wasambaa,20,160,1,37.40000153,No,No,AA,AC,TT,AA,GG
216192,Wasambaa,26,170,0,37,No,No,AA,AC,TT,AG,AG
216194,Wasambaa,27,166,0,37.09999847,No,No,AA,AA,CC,AA,AG
216195,Wasambaa,37,165,0,37,No,No,AA,AC,TT,GG,GG
216196,Wasambaa,44,153,0,37.59999847,No,No,AA,AA,CT,AA,AA
216199,Wasambaa,42,170,0,36.70000076,No,No,AA,AA,CT,AA,AG
216205,Wasambaa,39,168,0,37,No,Yes,AA,AC,CT,GG,GG
216207,Wasambaa,42,161,1,36.90000153,No,Yes,AA,AC,CT,AA,GG
216232,Other,40,164,0,36.79999924,No,No,AA,AC,NA,AA,AG
216237,Wasambaa,23,167,0,36.90000153,No,No,AA,CC,TT,AG,AG
216239,Wasambaa,40,154,0,37.20000076,No,No,AA,NA,NA,NA,AA
217009,Wasambaa,35,161,0,35.59999847,No,No,AA,AC,CC,AA,GG
217011,Wasambaa,28,165,0,35.90000153,No,No,AA,NA,CT,AA,AA
217020,Wasambaa,24,163,0,35.5,No,No,AA,AC,TT,AA,AG
217022,Wasambaa,28,161,0,36.40000153,No,No,AA,AC,CT,NA,GG
217084,Wasambaa,32,161,0,36.09999847,No,No,AA,AA,CT,AG,AG
217110,Wasambaa,26,166,1,35.90000153,No,No,AA,CC,TT,AA,AG
217117,Wasambaa,43,151,0,37,No,No,AA,CC,CT,AA,AA
217118,Other,28,174,0,36.59999847,No,No,AA,AC,CT,AG,AG
217119,Wasambaa,33,150,0,35.79999924,No,No,AA,CC,TT,AG,AA
217126,Wasambaa,36,166,1,36.5,No,No,AA,CC,CT,AG,AG
217130,Wasambaa,21,156,0,36.5,No,No,AA,AC,TT,NA,AG
217188,Wasambaa,23,172,0,36.5,No,No,AA,AC,TT,AA,GG
217196,Wasambaa,35,167,0,36.79999924,No,No,AA,CC,TT,GG,AG
218208,Wasambaa,33,164,0,37,No,Yes,AA,AC,TT,AA,GG
218221,Wasambaa,41,168,0,34.70000076,No,No,AA,CC,TT,AG,AA
218235,Wasambaa,42,164,0,36.79999924,No,Yes,AA,AC,CT,AA,GG
218245,Wasambaa,32,167,0,36.79999924,No,No,AA,AA,TT,AA,AG
218249,Wasambaa,38,156,0,36.79999924,No,No,AA,CC,CT,AA,AG
219033,Wasambaa,35,162,0,36.40000153,No,No,AA,AC,CT,AA,AG
219075,Wasambaa,24,161,0,37,No,No,AA,AC,CC,AA,AA
219076,Other,20,166,1,36.90000153,No,No,AA,AA,CT,AG,GG
219078,Wasambaa,29,166,0,36.70000076,No,No,AA,AC,NA,AG,AG
219079,Wasambaa,38,170,0,36.90000153,No,No,AA,AC,TT,AG,AG
219080,Wasambaa,25,173,0,36,No,No,AA,AA,CT,AG,AA
219081,Wasambaa,24,159,0,37.29999924,No,No,AA,AA,TT,AG,AA
219083,Wasambaa,43,157,0,36.79999924,No,No,AA,AC,CT,AG,AG
219090,Other,28,164,0,37.09999847,No,No,AA,AC,TT,AG,GG
219092,Wasambaa,23,162,0,37.29999924,No,No,AA,CC,CT,AA,AA
219093,Wasambaa,18,163,0,37.59999847,No,Yes,AA,AA,TT,AG,GG
219101,Wasambaa,26,167,0,36.20000076,No,Yes,AA,AC,TT,AG,AA
219102,Wasambaa,18,169,0,36.09999847,No,Yes,AT,AC,TT,AA,AG
219103,Wasambaa,36,163,0,37,Yes,Yes,AA,CC,CT,AG,AG
219105,Wasambaa,19,172,0,36.09999847,No,No,AA,AC,TT,AA,AG
219115,Other,34,161,0,36.79999924,No,No,AA,AA,CT,AG,AG
219119,Wasambaa,18,153,1,37.09999847,No,No,NA,AC,CC,AG,AG
219122,Wasambaa,42,160,0,37,No,No,AA,AA,TT,AA,AA
219152,Wasambaa,32,176,1,37.09999847,No,No,AA,AA,TT,AA,GG
219159,Wasambaa,36,167,0,35.20000076,No,No,AA,AC,TT,AG,AG
219167,Wasambaa,28,160,1,35.29999924,No,No,AA,CC,CT,GG,AG
219172,Wasambaa,42,162,0,36.09999847,No,No,AA,AA,TT,AG,AG
219173,Wasambaa,29,159,0,36.20000076,No,No,AA,AC,CC,AG,AG
219192,Wasambaa,39,171,0,36,No,No,AA,NA,TT,AA,AA
219203,Wasambaa,46,168,0,36.70000076,No,Yes,AA,NA,TT,NA,NA
219247,Wasambaa,33,175,0,36.5,No,Yes,AA,AC,TT,AA,GG
220058,Other,24,168,0,37.29999924,No,No,AA,CC,TT,AG,GG
220064,Wasambaa,39,164,1,37.29999924,No,No,AA,AA,CT,AA,AG
220080,Wasambaa,31,164,0,37.20000076,No,No,AT,AA,CT,AA,AG
220133,Wasambaa,28,163,0,37.09999847,No,No,AA,CC,CT,NA,AG
220148,Wasambaa,34,164,1,36.59999847,No,No,AA,AC,TT,AA,AA
220175,Wapare,38,151,0,37.40000153,No,No,AA,CC,CT,AA,AA
220183,Other,39,163,1,37.09999847,No,No,AA,NA,NA,NA,AA